recorded_time,mean,std
1.0,31.521002470526458,2.5155304028152843
2.0,31.112548356906235,2.4030164597684336
3.0,31.875667878409363,2.653906902555358
4.0,31.87038313655988,2.4702134822830604
