recorded_time,mean,std
1.0,20.43627496043537,1.3805226522739098
2.0,20.633929004059418,1.146198892628099
3.0,20.81264729316039,1.0766904467719154
4.0,20.893871683229886,0.9824356063506201
