recorded_time,mean,std
1.0,17.01549435255775,1.1972275334145284
2.0,16.738393820899763,1.1017416872191987
3.0,16.561483037423937,1.0682936000541374
4.0,16.775323094865204,1.1928782546905814
